strain,insertion: 105bp @ ref pos 0,insertion: 17bp @ ref pos 1739,insertion: 67bp @ ref pos 1760
OR772987.1,A,,
OR772989.1,A,,
PQ881967.1,A,,CTTG
OR539347.1,A,,CTTG
OR539379.1,A,,CTTG
OR105066.1,A,,
OR539419.1,A,,CTTG
OR539427.1,A,,CTTG
PP732859.1,A,,
PP732867.1,A,,C
LC775579.1,A,,CTTGTTTCTACTCTTTTTAATCTTGCTTCTTCTGAATACTGAGGGTAGTCATACGTCC
PQ645047.1,A,,CTTGTTTCTACT
PQ643771.1,A,,CTTGTTT
LC626157.1,A,,CTTGTTT
OR539395.1,A,,CTTGT
PP267965.1,CAAAA,,CTTGTTT
OL442766.1,CAAAA,,CTTGTTTCTACT
PP779060.1,CAAAA,,CTTGTTTCTACT
LC718322.1,AAA,,CTTGTTTCTACT
LC718354.1,AAA,,CTTGTTTCTACT
LC718274.1,AAA,,CTTGTTT
LC699152.1,AAA,,CTTGTTTCTACT
LC699184.1,AAA,,CTTGTTTCTACT
LC699160.1,AAA,,CTTGTTT
LC699168.1,AAA,,CTTGTT
PQ645039.1,AAA,,CTTGTTT
PP768250.1,AAA,,CT
OR979619.1,AAA,,CTTGTTTCTACT
PP782205.1,AAA,,CTTGTTTCTACT
PQ113969.1,AAA,,CTTGTTTCTACT
PQ114089.1,AAA,,CTTGTTTCTACT
PQ113985.1,AAA,,CTTGTTTCT
PP150341.1,AAA,,CTTGTTTCTACT
LC718234.1,GCAAAA,,CTTGTTTC
OQ550426.1,GCAAAA,,CTTGTTTCTACT
PP779933.1,GCAAAA,,CTTGTTTCTACT
PP782339.1,GCAAAA,,CTTGTTTCTACC
OR889491.1,GCAAAA,,CTTGTTTCT
PP777458.1,GCAAAA,,CTTGTTTCT
LC699656.1,AGCAAAA,,CTTGTTTCTACT
PQ724322.1,AGCAAAA,,CTTGTTTCCTACT
OP590517.1,AGCAAAA,,CTTGTTTCCTACT
OR783378.1,AGCAAAA,,CTTGTTTCCTACT
OR783329.1,AGCAAAA,,CTTGTTTCTACT
OR783406.1,AGCAAAA,,CTTGTTTCTACT
OR783336.1,AGCAAAA,,CTTGTTTCCTACT
OR783452.1,AGCAAAA,,CTTGTTTCCTACT
OR783436.1,AGCAAAA,,CTTGTTTCCTACT
OR783400.1,AGCAAAA,,CTTGTTTCCTACT
OL354982.1,AGCAAAA,,CTTGTTTTCTACT
OQ920204.1,AGCAAAA,,CTTGTTTCTACT
PV124974.1,AGCAAAA,,CTTGTTTCTACT
PV124994.1,AGCAAAA,,CTTGTTTCTACT
PQ338025.1,AGCAAAA,,CTTGTTTCTACT
PQ304239.1,AGCAAAA,,CTTGTTTCTACT
PQ305000.1,AGCAAAA,,CTTGTTTCTACT
PQ305024.1,AGCAAAA,,CTTGTTTCTACT
PQ305058.1,AGCAAAA,,CTTGTTTCTACT
OR910192.1,AGCAAAA,,CTTGTTTCTACT
OR910289.1,AGCAAAA,,CTTGTTTCTACT
OR910295.1,AGCAAAA,,CTTGTTTCTACT
OR910389.1,AGCAAAA,,CTTGTTTCTACT
OR910353.1,AGCAAAA,,CTTGTTTCTACT
OR910409.1,AGCAAAA,,CTTGTTTCTACT
OR910460.1,AGCAAAA,,CTTGTTTCTACT
PQ300721.1,AGCAAAA,,CTTGTTTCTACT
OR960975.1,AGCAAAA,,CTTGTTTCTACT
OR910331.1,AGCAAAA,,CTTGTTTCTACT
OQ550442.1,AGCAAAA,,CTTGTTTCTACT
OQ550450.1,AGCAAAA,,CTTGTTTCTACT
OQ550458.1,AGCAAAA,,CTTGTTTCTACT
OQ550466.1,AGCAAAA,,CTTGTTTCTACT
OR960992.1,AGCAAAA,,CTTGTTTCTACT
OR910282.1,AGCAAAA,,CTTGTTTCTACT
OR910435.1,AGCAAAA,,CTTGTTTCTACT
OR910346.1,AGCAAAA,,CTTGTTTCTACT
OR910453.1,AGCAAAA,,CTTGTTTCTACT
OR910502.1,AGCAAAA,,CTTGTTTCTACT
OR910487.1,AGCAAAA,,CTTGTTTCTACT
OR979599.1,AGCAAAA,,CTTGTTTCTACT
OQ550474.1,AGCAAAA,,CTTGTTTCTACT
OR910378.1,AGCAAAA,,CTTGTTTCTACT
PQ304209.1,AGCAAAA,,CTTGTTTCTACT
PQ304256.1,AGCAAAA,,CTTGTTTCTACT
PP829699.1,AGCAAAA,,CTTGTTTCTACT
OR910178.1,AGCAAAA,,CTTGTTTCTACT
OR910231.1,AGCAAAA,,CTTGTTTCTACT
OR910238.1,AGCAAAA,,CTTGTTTCTACT
OR910254.1,AGCAAAA,,CTTGTTTCTACT
OR910325.1,AGCAAAA,,CTTGTTTCTACT
OR910396.1,AGCAAAA,,CTTGTTTCTACT
OR910521.1,AGCAAAA,,CTTGTTTCTACT
OR591549.1,AGCAAAA,,CTTGTTTCTACT
OR125345.1,AGCAAAA,,CTTGTTTCTACT
OR125426.1,AGCAAAA,,CTTGTTTCTACT
OQ352548.1,AGCAAAA,,CTTGTTTCTACT
PP785596.1,AGCAAAA,,CTTGTTTCTACT
PP757802.1,AGCAAAA,,CTTGTTTCTACT
PQ305002.1,AGCAAAA,,CTTGTTTCTACT
PQ300685.1,AGCAAAA,,CTTGTTTCTACT
PQ300706.1,AGCAAAA,,CTTGTTTCTACT
OR979626.1,AGCAAAA,,CTTGTTTCTACT
OR910205.1,AGCAAAA,,CTTGTTTCTACT
PQ300698.1,AGCAAAA,,CTTGTTTCTACT
OR910468.1,AGCAAAA,,CTTGTTTCTACT
OR960980.1,AGCAAAA,,CTTGTTTCTACT
OR960985.1,AGCAAAA,,CTTGTTTCTACT
PQ305010.1,AGCAAAA,,CTTGTTTCTACT
PQ300675.1,AGCAAAA,,CTTGTTTCTACT
OR961011.1,AGCAAAA,,CTTGTTTCTACT
OR910164.1,AGCAAAA,,CTTGTTTCTACT
OR910366.1,AGCAAAA,,CTTGTTTCTACT
PP799803.1,AGCAAAA,,CTTGTTTCTACT
OR910243.1,AGCAAAA,,CTTGTTTCTACT
OR910371.1,AGCAAAA,,CTTGTTTCTACT
OR910261.1,AGCAAAA,,CTTGTTTCTACT
OR910301.1,AGCAAAA,,CTTGTTTCTACT
OR960998.1,AGCAAAA,,CTTGTTTCTACT
OR910159.1,AGCAAAA,,CTTGTTTCTACT
OR910495.1,AGCAAAA,,CTTGTTTCTACT
OR910447.1,AGCAAAA,,CTTGTTTCTACT
PQ300707.1,AGCAAAA,,CTTGTTTCTACT
OR961095.1,AGCAAAA,,CTTGTTTCTACT
OR910153.1,AGCAAAA,,CTTGTTTCTACT
OR910268.1,AGCAAAA,,CTTGTTTCTACT
OR910528.1,AGCAAAA,,CTTGTTTCTACT
OR125503.1,AGCAAAA,,CTTGTTTCTACT
OR910419.1,AGCAAAA,,CTTGTTTCTACT
PP799753.1,AGCAAAA,,CTTGTTTCTACT
PP785576.1,AGCAAAA,,CTTGTTTCTACT
PP378130.1,AGCAAAA,,CTTGTTTCTACT
OR910474.1,AGCAAAA,,CTTGTTTCTACT
OR961005.1,AGCAAAA,,CTTGTTTCTACT
OR910481.1,AGCAAAA,,CTTGTTTCTACT
OR125356.1,AGCAAAA,,CTTGTTTCTACT
OR910186.1,AGCAAAA,,CTTGTTTCTACT
OR910318.1,AGCAAAA,,CTTGTTTCTACT
OR910248.1,AGCAAAA,,CTTGTTTCTACT
OR910415.1,AGCAAAA,,CTTGTTTCTACT
PP786400.1,AGCAAAA,,CTTGTTTCTACT
PQ300731.1,AGCAAAA,,CTTGTTTCTACT
OR961083.1,AGCAAAA,,CTTGTTTCTACT
OR961108.1,AGCAAAA,,CTTGTTTCTACT
PQ113941.1,AGCAAAA,,CTTGTTTCTACT
OR910509.1,AGCAAAA,,CTTGTTTCTACT
OR910145.1,AGCAAAA,,CTTGTTTCTACT
OR910223.1,AGCAAAA,,CTTGTTTCTACT
OR910404.1,AGCAAAA,,CTTGTTTCTACT
OR961102.1,AGCAAAA,,CTTGTTTCTACT
OR910199.1,AGCAAAA,,CTTGTTTCTACT
OR910515.1,AGCAAAA,,CTTGTTTCTACT
PP829708.1,AGCAAAA,,CTTGTTTCTACT
OQ550434.1,AGCAAAA,,CTTGTTTCTACT
OR910361.1,AGCAAAA,,CTTGTTTCTACT
OR910442.1,AGCAAAA,,CTTGTTTCTACT
OR910217.1,AGCAAAA,,CTTGTTTCTACT
PQ304221.1,AGCAAAA,,CTTGTTTCTACT
PQ304273.1,AGCAAAA,,CTTGTTTCTACT
OR910308.1,AGCAAAA,,CTTGTTTCTACT
OR910425.1,AGCAAAA,,CTTGTTTCTACT
OR910384.1,AGCAAAA,,CTTGTTTCTACT
OR910275.1,AGCAAAA,,CTTGTTTCTACT
OR910430.1,AGCAAAA,,CTTGTTTCTACT
OR860361.1,AGCAAAA,,CTTGTTTCTACT
OR420092.1,AGCAAAA,,CTTGTTTCTACT
PP785021.1,AGCAAAA,,CTTGTTTCTACT
PP768660.1,AGCAAAA,,CTTGTTTCTACT
PP776752.1,AGCAAAA,,CTTGTTTCTACT
OR910172.1,AGCAAAA,,CTTGTTTCTACT
OR910477.1,AGCAAAA,,CTTGTTTCTACT
PQ304425.1,AGCAAAA,,CTTGTTTCTACT
PQ304435.1,AGCAAAA,,CTTGTTTCTACT
PQ304488.1,AGCAAAA,,CTTGTTTCTACT
PQ304584.1,AGCAAAA,,CTTGTTTCTACT
PQ304440.1,AGCAAAA,,CTTGTTTCTACT
PQ304566.1,AGCAAAA,,CTTGTTTCTACT
PQ114025.1,AGCAAAA,,CTTGTTTCTACT
PQ113961.1,AGCAAAA,,CTTGTTTCTACT
PP780174.1,AGCAAAA,,CTTGTTTC
PV124886.1,AGCAAAA,,CTTGTTTCTACT
PV124894.1,AGCAAAA,,CTTGTTTCTACT
OR881253.1,AGCAAAA,,CTTGTTTCTAC
OR646646.1,AGCAAAA,,CTTATTTCT
OR646660.1,AGCAAAA,,CTTATTTCT
OR539411.1,AGCAAAA,,CTTGTTTCTAAT
OQ291577.1,AGCAAAA,,CTTGTTTCTACT
OP888702.1,AGCAAAA,,CTTGTTTCTACT
MH347216.1,AGCAAAA,,CTTGTTTCTACT
PP829775.1,AGCAAAA,,CTTGTTTCTACT
PP829958.1,AGCAAAA,,CTTGTTTCTACT
PQ207951.1,AGCAAAA,,
PQ207953.1,AGCAAAA,,
PQ208030.1,AGCAAAA,,CTTGTTTCTACT
PQ208142.1,AGCAAAA,,CTTGTTTCTACT
PQ208174.1,AGCAAAA,,
PQ208110.1,AGCAAAA,,CTTGTTTCTACT
PP886235.1,AGCAAAA,,
PQ208062.1,AGCAAAA,,CTTGTTTCTACT
PQ207952.1,AGCAAAA,,CTTGTTTCTACT
MW961428.1,AGCRAAA,,CTTGTTTCTACT
MW961484.1,AGCRAAA,,CTTGTTTCTACT
MW961444.1,AGCRAAA,,CTTGTTTCTACT
MW961476.1,AGCRAAA,,CTTGTTTCTACT
MW961436.1,AGCRAAA,,CTTGTTTCTACT
LC656644.1,AA,,CTTGTTT
PP504205.1,AA,,CTTGTTT
LC699664.1,AA,,CTTGTTT
LC705174.1,AA,,CTTGTTT
LC718290.1,AA,,CTTGT
LC718282.1,AA,,CTTGTTTCTACT
PQ643964.1,AA,,CTTGTTT
OR987100.1,AA,,CT
OR987108.1,AA,,CT
OR987124.1,AA,,CT
OQ925725.1,AA,,CT
OR987116.1,AA,,CT
OP278667.1,AGCGAAA,,CTTGTTTCTACT
PP829625.1,AGCGAAA,,CTTGTTTCTACT
PQ113933.1,AGCGAAA,,CTTGTTTCTACT
PP390166.1,AGCGAAA,,CTTGTTTCTACT
PQ129514.1,AGCGAAA,,CTTGTTTCTACT
PQ129506.1,AGCGAAA,,CTTGTTTCTACT
PQ129522.1,AGCGAAA,,CTTGTTTCTACT
PQ114065.1,AGCGAAA,,CTTGTTTCTACT
PQ114049.1,AGCGAAA,,CTTGTTTCTACT
PQ114033.1,AGCGAAA,,CTTGTTTCTACT
PQ114073.1,AGCGAAA,,CTTGTTTCTACT
OR852415.1,AGCGAAA,,CTTGTTTCTACT
ON739168.1,AGCGAAA,,CTTGTTTCTACT
PP829711.1,AGCGAAA,,CTTGTTTCTACT
PP829968.1,AGCGAAA,,CTTGTTTCTACT
OR125307.1,CGCCAGTAGAAA,,CTTGTTTCTACT
OQ352556.1,CGCCAGTAGAAA,,CTTGTTTCTACT
OR853751.1,CAGAA,,CTTGTTTCTACT
OR269887.1,AATCATGAAACATCACTAGGGGTGAGCGCAGCTTGTCCATACCAGGGAGCTCCCTGGTATGGAGGCCCAGCGCAAAA,,CTTGTTTCT
PP778505.1,ACAGAA,,CTTGTTTCTACT
PP769614.1,AAAA,,CTTGTTTC
PP769739.1,AAAA,,CTTGTTTC
OR878088.1,AGGACCATTCCGGCACTCTGATGAATTCGTCGCACTTTTAACAAGGCTAACTATTGCAAGAAGTAGTACTATGTTCTCAGAGTGAACCCCTGCAAAA,,CTTGTTT
OQ683490.1,,GGTCGTGTGGAGATCGC,
PP239030.1,,,CTTGTTTCT
PQ881959.1,,,CTTG
PQ881975.1,,,CTTG
PP732843.1,,,CTTG
OR539355.1,,,CTTG
OR539363.1,,,CTTG
OR539387.1,,,CTTG
OR105058.1,,,CTTG
OR539371.1,,,CTTG
PP732683.1,,,C
PP732691.1,,,C
LC765293.1,,,C
OQ925704.1,,,CTTGTTT
PP346196.1,,,CTTGTTTC
PQ278123.1,,,CTTGTTTC
PQ098597.1,,,CTTGTTTCTACT
PQ098776.1,,,CTTGTTTCTACT
PQ685010.1,,,CTTGTTTCTACT
PQ098784.1,,,CTTGTTTCTACT
PQ098608.1,,,CTTGTTTCTACT
PQ098624.1,,,CTTGTTTCTACT
PQ098616.1,,,CTTGTTTCTACT
OK022503.1,,,CTTGTTTCTACT
PP760204.1,,,CTTGTTTCTACT
PP763488.1,,,CTTGTTTCTACT
PP763699.1,,,CTTGTTTCTACT
PQ098748.1,,,CTTGTTTCTACT
OQ925717.1,,,CTTGTTTCTACT
OR839997.1,,,CTTGTTTCTACT
PV163164.1,,,CTTGTTTCTACT
KX254928.1,,,CTTGTTTCTACT
OP776802.1,,,CTTGTTTCCTACT
PP802782.1,,,CTTGT
OQ683474.1,,,AGATGGTC
PP488313.1,,,CT
PP488329.1,,,CT
PP488321.1,,,CT
PP488337.1,,,CT
PQ002114.1,,,CT
PQ002122.1,,,CT
PQ002130.1,,,CT
PQ002138.1,,,CT
PQ002146.1,,,CT
PQ002154.1,,,CT
OR987084.1,,,CT
PP796346.1,,,CTTGTTTCTAC
PP757903.1,,,CTTGTTTCTAC
PP758145.1,,,CTTGTTTCTAC
PP785567.1,,,CTTGTTTCTAC
PP757826.1,,,CTTGTTTCTAC
OR268598.1,,,CTTGTTTCTAC
OR269268.1,,,CTTGTTTCTAC
OR125255.1,,,CTTGTTTCTAC
OR125292.1,,,CTTGTTTCTAC
OR125322.1,,,CTTGTTTCTAC
OR125407.1,,,CTTGTTTCTAC
OR125482.1,,,CTTGTTTCTAC
OQ455396.1,,,CTTGTTTCTAC
OQ455401.1,,,CTTGTTTCTAC
OQ455410.1,,,CTTGTTTCTAC
OQ455416.1,,,CTTGTTTCTAC
OQ455422.1,,,CTTGTTTCTAC
OR265542.1,,,CTTGTTTCTAC
OR265608.1,,,CTTGTTTCTAC
OQ455466.1,,,CTTGTTTCTAC
OR265569.1,,,CTTGTTTCTAC
PP785712.1,,,CTTGTTTCTAC
PP757839.1,,,CTTGTTTCTAC
OR125155.1,,,CTTGTTTCTAC
OR125180.1,,,CTTGTTTCTAC
OR125250.1,,,CTTGTTTCTAC
OR125269.1,,,CTTGTTTCTAC
OR125340.1,,,CTTGTTTCTAC
OQ455458.1,,,CTTGTTTCTAC
OQ455437.1,,,CTTGTTTCTAC
PP785586.1,,,CTTGTTTCTAC
PP757806.1,,,CTTGTTTCTAC
PP785700.1,,,CTTGTTTCTAC
PP757858.1,,,CTTGTTTCTAC
OR265639.1,,,CTTGTTTCTAC
OR125238.1,,,CTTGTTTCTAC
OQ455442.1,,,CTTGTTTCTAC
OR125188.1,,,CTTGTTTCTAC
OR125233.1,,,CTTGTTTCTAC
OR125262.1,,,CTTGTTTCTAC
OR125370.1,,,CTTGTTTCTAC
OR125279.1,,,CTTGTTTCTAC
OR125471.1,,,CTTGTTTCTAC
OR125390.1,,,CTTGTTTCTAC
OQ458189.1,,,CTTGTTTCTAC
OR125135.1,,,CTTGTTTCTAC
OR125162.1,,,CTTGTTTCTAC
OR125201.1,,,CTTGTTTCTAC
OR125399.1,,,CTTGTTTCTAC
OR125452.1,,,CTTGTTTCTAC
OR125285.1,,,CTTGTTTCTAC
OR125312.1,,,CTTGTTTCTAC
PP778673.1,,,CTTGTTTCTAC
PP757817.1,,,CTTGTTTCTAC
OR265539.1,,,CTTGTTTCTAC
OR265573.1,,,CTTGTTTCTAC
OR125296.1,,,CTTGTTTCTAC
PP799744.1,,,CTTGTTTCTAC
PP758168.1,,,CTTGTTTCTAC
PP785716.1,,,CTTGTTTCTAC
PP757830.1,,,CTTGTTTCTAC
PP777983.1,,,CTTGTTTCTAC
PP757866.1,,,CTTGTTTCTAC
PP799771.1,,,CTTGTTTCTAC
PP757909.1,,,CTTGTTTCTAC
OR269134.1,,,CTTGTTTCTAC
OR125328.1,,,CTTGTTTCTAC
OR125244.1,,,CTTGTTTCTAC
OR125319.1,,,CTTGTTTCTAC
OR125361.1,,,CTTGTTTCTAC
OR125141.1,,,CTTGTTTCTAC
OR125384.1,,,CTTGTTTCTAC
OR125415.1,,,CTTGTTTCTAC
OR125433.1,,,CTTGTTTCTAC
OR125175.1,,,CTTGTTTCTAC
OR125209.1,,,CTTGTTTCTAC
OR125440.1,,,CTTGTTTCTAC
OR125463.1,,,CTTGTTTCTAC
OR268564.1,,,CTTGTTTCTAC
OR269259.1,,,CTTGTTTCTAC
OR265587.1,,,CTTGTTTCTAC
OR125334.1,,,CTTGTTTCTAC
OR125420.1,,,CTTGTTTCTAC
OR125495.1,,,CTTGTTTCTAC
OR125301.1,,,CTTGTTTCTAC
OR125489.1,,,CTTGTTTCTAC
OR125499.1,,,CTTGTTTCTAC
OR125458.1,,,CTTGTTTCTAC
OR125351.1,,,CTTGTTTCTAC
OR125446.1,,,CTTGTTTCTAC
OR125214.1,,,CTTGTTTCTAC
OR125219.1,,,CTTGTTTCTAC
PP799761.1,,,CTTGTTTCTAC
PP757851.1,,,CTTGTTTCTAC
OR265549.1,,,CTTGTTTCTAC
OR268570.1,,,CTTGTTTCTAC
OR269264.1,,,CTTGTTTCTAC
OQ683458.1,,,CTTGTTTCTAC
OP691324.1,,,CTTGTTTCTAC
OR801077.1,,,CTTGTTTCTAC
OR801085.1,,,CTTGTTTCTAC
OR801093.1,,,CTTGTTTCTAC
OQ683482.1,,,CTTGTTTCTAC
OQ565628.1,,,CTTGTTTYTACT
OR853704.1,,,CTTGTTTCTGCTTTTTTCTTATACATTTCAGTTACTAACAACCATTTTTGTGCTTTTGTCTT
PP780446.1,,,CTTGTTTCTA
OR844540.1,,,CTTGTTTCTACCTGTCT
PP998353.1,,,CTT
PP998369.1,,,CTT
PP998377.1,,,CTT
PP998361.1,,,CTT
PP998385.1,,,CTT
PP998393.1,,,CTT
PP998401.1,,,CTT
PP998409.1,,,CTT
